user,login_count,after_hours_login,weekend_login,distinct_computers,files_accessed,file_copy_count,usb_connections,label,model_prediction,risk_score,risk_level,unusual_access
NGF0157,795,35,104,2,305,305,143,0,0,3,Medium,False
LRR0148,841,0,104,3,907,907,788,0,0,2,Medium,False
IRM0931,1063,25,271,2,2278,2278,505,0,0,3,Medium,False
MOH0273,401,0,53,1,9306,9306,3155,0,0,2,Medium,False
LAP0338,874,0,241,1,0,0,0,0,0,0,Low,False
MHH0180,485,0,65,1,0,0,0,0,0,0,Low,False
NOB0181,961,0,245,3,1703,1703,527,0,0,2,Medium,False
AHC0142,755,0,66,3,0,0,0,0,0,0,Low,False
CTR0341,996,78,277,3,0,0,0,0,0,1,Low,False
ATE0869,903,9,250,4,522,522,210,0,0,3,Medium,False
NWK0215,853,34,184,1,0,0,0,0,0,1,Low,False
HVB0037,403,0,52,1,0,0,0,0,0,0,Low,False
ABC0174,533,0,83,1,589,589,642,1,1,4,High,False
AJR0319,812,0,181,1,0,0,0,0,0,0,Low,False
JKJ0698,471,0,102,31,0,0,0,0,0,0,Low,False
JCR0172,723,0,98,1,406,406,170,0,0,2,Medium,False
HAD0246,1047,65,311,2,315,315,214,0,0,3,Medium,False
RRC0553,135,0,23,2,1342,1342,81,0,0,2,Medium,False
IKP0472,1016,0,287,2,812,812,519,0,0,2,Medium,False
BRS0734,110,0,17,1,1845,1845,128,0,0,2,Medium,False
HPH0075,721,0,105,1,9323,9323,3180,0,0,2,Medium,False
RZC0746,925,0,241,10,0,0,0,0,0,0,Low,False
ESJ0670,515,0,129,3,3303,3303,185,0,0,2,Medium,False
IIW0249,435,19,47,21,473,473,3375,0,0,3,Medium,False
JKF0465,420,0,64,1,0,0,0,0,0,0,Low,False
AMW0392,804,0,177,1,0,0,0,0,0,0,Low,False
HSB0196,494,12,123,1,11627,11627,3805,0,0,3,Medium,False
YIC0195,726,0,142,3,0,0,0,0,0,0,Low,False
NAH0503,465,18,52,2,0,0,0,0,0,1,Low,False
WPR0368,1735,699,325,720,0,0,0,0,0,1,Low,False
JDC0030,894,0,233,3,724,724,190,0,0,2,Medium,False
HDD0806,903,0,226,26,0,0,0,0,0,0,Low,False
AOK0844,746,16,209,15,1321,1321,407,0,0,3,Medium,False
FKK0055,856,0,213,3,601,601,172,0,0,2,Medium,False
JHP0583,853,35,111,3,1589,1589,817,0,0,3,Medium,False
RAW0915,762,0,94,28,459,459,438,0,0,2,Medium,False
SSJ0784,908,58,210,1,0,0,0,0,0,1,Low,False
FOB0756,912,0,159,2,165,165,155,0,0,2,Medium,False
CJM0521,464,0,113,1,0,0,0,0,0,0,Low,False
HLH0512,501,0,138,10,0,0,0,0,0,0,Low,False
BQS0525,56,0,16,8,57,57,393,0,0,1,Low,False
BRB0355,949,0,214,3,712,712,898,0,0,2,Medium,False
IAR0694,856,0,115,3,0,0,0,0,0,0,Low,False
SMH0291,957,0,251,3,0,0,0,0,0,0,Low,False
BDI0533,862,0,187,2,2458,2458,922,0,0,2,Medium,False
DAR0885,58,5,17,5,0,0,0,0,0,1,Low,False
ALB0892,235,0,58,1,0,0,0,0,0,0,Low,False
BSS0369,962,361,180,504,2295,2295,2740,1,1,5,High,False
DLM0051,856,0,182,3,10673,10673,3775,0,0,2,Medium,False
CMB0912,860,0,140,46,0,0,0,0,0,0,Low,False
SBN0971,449,0,94,1,577,577,176,0,0,2,Medium,False
LBH0942,819,0,199,1,10889,10889,3903,0,0,2,Medium,False
MLM0950,840,8,153,3,2752,2752,850,0,0,3,Medium,False
LBF0214,1015,48,232,2,1236,1236,471,0,0,3,Medium,False
NAF0326,977,0,218,48,2446,2446,900,0,0,2,Medium,False
QOS0878,248,0,55,9,127,127,239,0,0,2,Medium,False
TDS0984,836,0,161,39,3378,3378,174,0,0,2,Medium,False
RAM0447,806,0,178,1,0,0,0,0,0,0,Low,False
EHB0420,991,63,189,3,0,0,0,0,0,1,Low,False
DRR0242,442,0,94,1,0,0,0,0,0,0,Low,False
NGC0058,492,0,101,36,200,200,175,0,0,2,Medium,False
OBH0499,907,27,173,2,594,594,3706,0,0,3,Medium,False
MAD0496,118,0,23,1,0,0,0,0,0,0,Low,False
MCD0125,364,0,72,2,434,434,66,0,0,2,Medium,False
MCF0600,308,7,54,2,102,102,36,1,1,5,High,False
JAJ0849,905,33,184,3,0,0,0,0,0,1,Low,False
PTH0830,425,0,74,1,0,0,0,0,0,0,Low,False
IIL0513,439,0,88,1,0,0,0,0,0,0,Low,False
WIQ0567,798,0,174,1,1955,1955,437,0,0,2,Medium,False
MDH0686,845,0,201,3,0,0,0,0,0,0,Low,False
LDD0560,50,5,10,3,0,0,0,0,0,1,Low,False
BVC0790,960,42,192,3,975,975,879,0,0,3,Medium,False
NMS0280,454,0,89,19,321,321,155,0,0,2,Medium,False
JGT0221,586,244,0,368,1,1,2,1,1,4,High,False
MVH0373,247,113,0,165,0,0,0,0,0,1,Low,False
MOS0047,895,311,0,416,1593,1593,888,1,1,5,High,False
JTM0223,748,241,0,361,1,1,2,1,1,4,High,False
TSM0363,1397,607,0,624,0,0,0,0,0,1,Low,False
QNP0216,1407,597,0,639,0,0,0,0,0,1,Low,False
JRS0362,1388,590,0,636,0,0,0,0,0,1,Low,False
UIR0043,1430,618,0,631,0,0,0,0,0,1,Low,False
CBB0365,1758,603,0,634,0,0,0,0,0,1,Low,False
JAV0361,1384,608,0,625,0,0,0,0,0,1,Low,False
KRV0372,1410,613,0,630,0,0,0,0,0,1,Low,False
LBC0356,1662,593,0,636,0,0,0,0,0,1,Low,False
KCF0045,1390,591,0,640,0,0,0,0,0,1,Low,False
EIS0041,1661,600,0,622,3676,3676,1323,0,0,3,Medium,False
CSC0217,467,195,0,289,1,1,2,1,1,4,High,False
ACC0042,1362,570,0,618,0,0,0,0,0,1,Low,False
MPM0220,1085,409,1,456,6689,6689,2494,1,1,5,High,False
SAK0375,1414,576,0,629,0,0,0,0,0,1,Low,False
GTD0219,490,212,0,306,1281,1281,479,1,1,5,High,False
KSP0357,945,385,0,519,0,0,0,0,0,1,Low,False
MSH0040,1050,453,0,540,0,0,0,0,0,1,Low,False
BAL0044,1709,601,2,628,2900,2900,1130,0,0,3,Medium,False
JLM0364,1314,562,0,598,1,1,2,1,1,4,High,False
DMG0358,1655,586,0,633,0,0,0,0,0,1,Low,False
DFR0218,1357,550,0,614,0,0,0,0,0,1,Low,False
CCA0046,804,331,0,447,1678,1678,758,1,1,5,High,False
HWY0038,449,188,0,285,0,0,0,0,0,1,Low,False
AJF0370,1777,620,77,661,11053,11053,4261,0,0,3,Medium,False
MSO0222,950,405,0,490,1,1,2,1,1,4,High,False
JCC0225,1375,572,0,639,0,0,0,0,0,1,Low,False
AJD0074,750,0,74,2,515,515,150,0,0,2,Medium,False
KBP0008,733,0,0,2,0,0,0,0,0,0,Low,False
KRG0158,346,0,0,1,0,0,0,0,0,0,Low,False
KBB0189,346,0,0,1,0,0,0,0,0,0,Low,False
SRH0155,742,17,27,3,0,0,0,0,0,1,Low,False
EIM0156,346,0,0,1,0,0,0,0,0,0,Low,False
HTH0007,613,0,0,3,0,0,0,0,0,0,Low,False
AVM0947,375,0,0,30,7701,7701,2998,0,0,2,Medium,False
CIM0271,634,0,0,3,1552,1552,725,0,0,2,Medium,False
CJP0952,653,6,1,2,0,0,0,0,0,1,Low,False
DFH0188,702,0,0,3,6281,6281,406,0,0,2,Medium,False
DIW0118,739,0,0,3,1314,1314,683,0,0,2,Medium,False
DJB0159,641,0,0,2,0,0,0,0,0,0,Low,False
HFB0347,264,0,7,1,1716,1716,96,0,0,2,Medium,False
MMG0943,465,0,0,3,0,0,0,0,0,0,Low,False
NMB0972,346,0,0,1,0,0,0,0,0,0,Low,False
POB0343,346,0,0,1,0,0,0,0,0,0,Low,False
RRA0938,608,0,0,1,0,0,0,0,0,0,Low,False
CSJ0340,346,0,0,1,0,0,0,0,0,0,Low,False
PGH0184,406,0,0,1,0,0,0,0,0,0,Low,False
TDG0962,747,0,0,2,0,0,0,0,0,0,Low,False
WBC0192,653,0,0,3,415,415,134,0,0,2,Medium,False
BAK0964,346,0,0,1,0,0,0,0,0,0,Low,False
CAH0936,354,4,0,19,42,42,13,1,1,4,High,False
CKH0144,346,0,0,1,0,0,0,0,0,0,Low,False
ECL0930,617,0,0,1,0,0,0,0,0,0,Low,False
ICS0956,251,0,0,1,0,0,0,0,0,0,Low,False
KSP0966,346,0,0,1,0,0,0,0,0,0,Low,False
RAG0275,346,0,0,1,0,0,0,0,0,0,Low,False
ROB0272,345,0,0,1,0,0,0,0,0,0,Low,False
SGS0268,346,0,0,1,0,0,0,0,0,0,Low,False
DRR0162,256,0,0,1,529,529,559,1,1,4,High,False
GKO0078,744,0,0,3,942,942,363,0,0,2,Medium,False
HXL0968,211,0,0,1,477,477,468,1,1,4,High,False
NIH0969,627,0,0,2,0,0,0,0,0,0,Low,False
RHC0335,346,0,0,1,0,0,0,0,0,0,Low,False
XAA0104,621,0,0,1,437,437,138,0,0,2,Medium,False
SNS0129,346,0,0,1,0,0,0,0,0,0,Low,False
SVL0940,346,0,0,1,0,0,0,0,0,0,Low,False
TNM0961,477,0,0,3,526,526,494,1,1,4,High,False
TVS0050,806,58,7,3,0,0,0,0,0,1,Low,False
AGB0186,346,0,0,1,0,0,0,0,0,0,Low,False
BNR0965,616,0,0,1,0,0,0,0,0,0,Low,False
EHR0096,346,0,0,1,0,0,0,0,0,0,Low,False
HCC0344,346,0,0,1,0,0,0,0,0,0,Low,False
MKL0941,346,0,0,1,0,0,0,0,0,0,Low,False
MSD0939,346,0,0,1,0,0,0,0,0,0,Low,False
BSB0990,346,0,0,1,0,0,0,0,0,0,Low,False
HWM0342,365,0,0,2,0,0,0,0,0,0,Low,False
SJC0333,457,0,0,2,0,0,0,0,0,0,Low,False
SPA0141,688,44,5,1,0,0,0,0,0,1,Low,False
FXF0957,346,0,0,1,0,0,0,0,0,0,Low,False
JIM0095,346,0,0,1,0,0,0,0,0,0,Low,False
KDT0346,622,0,0,1,0,0,0,0,0,0,Low,False
NWT0098,319,0,0,1,702,702,653,1,1,4,High,False
RKF0164,335,0,0,1,0,0,0,0,0,0,Low,False
VEB0935,346,0,0,1,0,0,0,0,0,0,Low,False
AKK0329,346,0,0,1,0,0,0,0,0,0,Low,False
CSL0949,346,0,0,1,0,0,0,0,0,0,Low,False
GCG0951,656,0,0,2,0,0,0,0,0,0,Low,False
GNS0178,676,25,2,2,3049,3049,152,0,0,3,Medium,False
MAE0331,346,0,0,1,0,0,0,0,0,0,Low,False
MKS0204,346,0,0,1,0,0,0,0,0,0,Low,False
OHC0973,346,0,0,1,0,0,0,0,0,0,Low,False
ONL0276,346,0,0,1,0,0,0,0,0,0,Low,False
ORG0339,346,0,0,1,0,0,0,0,0,0,Low,False
GNZ0953,616,0,0,1,0,0,0,0,0,0,Low,False
LHB0967,346,0,0,1,0,0,0,0,0,0,Low,False
LRW0970,346,0,0,1,0,0,0,0,0,0,Low,False
MAR0955,302,4,1,1,69,69,21,1,1,4,High,False
RVF0201,635,0,0,2,252,252,345,0,0,2,Medium,False
CWB0065,731,0,0,2,0,0,0,0,0,0,Low,False
DVW0103,346,0,0,1,0,0,0,0,0,0,Low,False
JMK0099,735,0,0,3,555,555,141,0,0,2,Medium,False
KKS0119,615,0,0,1,0,0,0,0,0,0,Low,False
NCH0179,346,0,0,1,0,0,0,0,0,0,Low,False
PMC0328,621,0,0,1,656,656,670,0,0,2,Medium,False
SBD0913,346,0,0,1,0,0,0,0,0,0,Low,False
SHR0334,346,0,0,1,0,0,0,0,0,0,Low,False
DHM0937,346,0,0,1,0,0,0,0,0,0,Low,False
FPC0954,346,0,0,1,0,0,0,0,0,0,Low,False
OMS0101,346,0,0,1,0,0,0,0,0,0,Low,False
SNC0187,300,0,0,1,2321,2321,126,0,0,2,Medium,False
WAB0143,254,0,0,1,0,0,0,0,0,0,Low,False
ASV0946,610,0,0,1,0,0,0,0,0,0,Low,False
JGM0934,624,0,0,1,0,0,0,0,0,0,Low,False
KAT0270,346,0,0,1,0,0,0,0,0,0,Low,False
OQH0183,346,0,0,1,0,0,0,0,0,0,Low,False
ZJS0269,346,0,0,1,0,0,0,0,0,0,Low,False
AIB0948,741,0,0,34,1669,1669,2990,0,0,2,Medium,False
BLL0929,346,0,0,1,0,0,0,0,0,0,Low,False
CAM0102,346,0,0,1,0,0,0,0,0,0,Low,False
DOL0332,346,0,0,1,0,0,0,0,0,0,Low,False
ELH0960,346,0,0,1,0,0,0,0,0,0,Low,False
ENL0100,346,0,0,1,0,0,0,0,0,0,Low,False
GCC0945,346,0,0,1,0,0,0,0,0,0,Low,False
HLM0933,346,0,0,1,0,0,0,0,0,0,Low,False
ILH0958,737,0,0,27,2970,2970,150,0,0,2,Medium,False
OMM0944,346,0,0,1,0,0,0,0,0,0,Low,False
QNF0205,346,0,0,1,0,0,0,0,0,0,Low,False
WRM0963,324,0,0,3,0,0,0,0,0,0,Low,False
ATF0274,346,0,0,1,0,0,0,0,0,0,Low,False
BWP0202,803,52,7,2,627,627,129,0,0,3,Medium,False
CFG0959,437,0,0,2,0,0,0,0,0,0,Low,False
CGF0337,346,0,0,1,0,0,0,0,0,0,Low,False
FKB0163,346,0,0,1,0,0,0,0,0,0,Low,False
JJM0203,424,0,0,2,425,425,428,1,1,4,High,False
JSH0330,346,0,0,1,0,0,0,0,0,0,Low,False
NCE0097,346,0,0,1,0,0,0,0,0,0,Low,False
RSM0277,740,0,0,3,393,393,393,0,0,2,Medium,False
SSS0345,346,0,0,1,0,0,0,0,0,0,Low,False
AJR0932,199,3,0,1,47,47,19,1,1,4,High,False
BBS0039,663,299,0,385,1,1,2,1,1,4,High,False
CCH0182,346,0,0,1,0,0,0,0,0,0,Low,False
CXC0336,346,0,0,1,0,0,0,0,0,0,Low,False
KRL0062,346,0,0,1,0,0,0,0,0,0,Low,False
NHH0185,355,0,0,10,0,0,0,0,0,0,Low,False
RGG0064,401,2,0,1,12,12,6,1,1,4,High,False
SGM0021,625,0,0,1,2596,2596,1039,0,0,2,Medium,False
SJF0094,346,0,0,1,0,0,0,0,0,0,Low,False
KTG0091,346,0,0,1,0,0,0,0,0,0,Low,False
CFW0264,60,0,0,1,0,0,0,0,0,0,Low,False
NKH0979,722,0,0,3,0,0,0,0,0,0,Low,False
USH0199,349,0,0,4,142,142,112,0,0,2,Medium,False
BTS0011,346,0,0,1,0,0,0,0,0,0,Low,False
LMF0980,616,0,0,1,0,0,0,0,0,0,Low,False
RDM0115,346,0,0,1,0,0,0,0,0,0,Low,False
YDN0198,622,0,0,2,0,0,0,0,0,0,Low,False
EWH0191,613,0,0,1,0,0,0,0,0,0,Low,False
TEM0093,247,0,0,1,0,0,0,0,0,0,Low,False
LDB0090,346,0,0,1,0,0,0,0,0,0,Low,False
BTW0005,466,0,0,2,0,0,0,0,0,0,Low,False
CJK0200,346,0,0,1,0,0,0,0,0,0,Low,False
HCM0267,346,0,0,1,8167,8167,2984,0,0,2,Medium,False
IAT0263,186,0,0,1,0,0,0,0,0,0,Low,False
IIA0092,346,0,0,1,0,0,0,0,0,0,Low,False
AMD0077,346,0,0,1,0,0,0,0,0,0,Low,False
FAW0032,354,0,0,1,0,0,0,0,0,0,Low,False
KNB0022,346,0,0,1,0,0,0,0,0,0,Low,False
RMS0266,346,0,0,1,0,0,0,0,0,0,Low,False
FRB0023,346,0,0,1,0,0,0,0,0,0,Low,False
SER0165,346,0,0,1,0,0,0,0,0,0,Low,False
DVM0265,398,0,0,3,0,0,0,0,0,0,Low,False
MNS0224,1413,624,0,659,0,0,0,0,0,1,Low,False
CTR0697,613,2,0,1,0,0,0,0,0,1,Low,False
DCC0160,346,0,0,1,0,0,0,0,0,0,Low,False
LTS0860,346,0,0,1,0,0,0,0,0,0,Low,False
MAW0166,346,0,0,1,0,0,0,0,0,0,Low,False
MCF0327,346,0,0,1,0,0,0,0,0,0,Low,False
MNC0717,715,0,0,3,0,0,0,0,0,0,Low,False
NAR0981,346,0,0,1,0,0,0,0,0,0,Low,False
NJC0705,346,0,0,1,0,0,0,0,0,0,Low,False
RLB0719,364,14,1,1,0,0,0,0,0,1,Low,False
AKF0709,346,0,0,1,0,0,0,0,0,0,Low,False
AMM0014,346,0,0,1,0,0,0,0,0,0,Low,False
MIL0255,346,0,0,1,0,0,0,0,0,0,Low,False
NAF0033,344,0,0,1,0,0,0,0,0,0,Low,False
SJO0209,753,0,0,3,372,372,133,0,0,2,Medium,False
ABH0663,346,0,0,1,0,0,0,0,0,0,Low,False
AMV0036,346,0,0,1,0,0,0,0,0,0,Low,False
BBG0325,643,0,0,2,349,349,368,0,0,2,Medium,False
DBG0261,346,0,0,1,0,0,0,0,0,0,Low,False
IMG0320,346,0,0,1,0,0,0,0,0,0,Low,False
KBL0260,346,0,0,1,0,0,0,0,0,0,Low,False
KVT0028,346,0,0,1,0,0,0,0,0,0,Low,False
NBH0256,346,0,0,1,0,0,0,0,0,0,Low,False
PES0085,614,0,0,1,0,0,0,0,0,0,Low,False
RNP0211,625,0,0,1,2638,2638,1073,0,0,2,Medium,False
WBC0315,346,0,0,1,0,0,0,0,0,0,Low,False
CLH0703,346,0,0,1,0,0,0,0,0,0,Low,False
HDD0789,346,0,0,1,0,0,0,0,0,0,Low,False
KCS0173,685,0,0,3,260,260,360,0,0,2,Medium,False
NSS0876,346,0,0,1,0,0,0,0,0,0,Low,False
PDW0259,653,0,0,40,0,0,0,0,0,0,Low,False
RAR0725,171,0,0,1,355,355,348,1,1,4,High,False
RJB0088,346,0,0,1,0,0,0,0,0,0,Low,False
RLG0856,651,20,2,1,334,334,371,0,0,3,Medium,False
WXH0872,475,15,0,3,826,826,702,0,0,3,Medium,False
YCE0983,346,0,0,1,0,0,0,0,0,0,Low,False
ABC0253,617,0,0,1,0,0,0,0,0,0,Low,False
AIP0982,636,0,0,2,6182,6182,366,0,0,2,Medium,False
CLF0852,737,0,0,3,0,0,0,0,0,0,Low,False
JJB0700,371,0,0,2,0,0,0,0,0,0,Low,False
SDO0170,607,0,0,1,0,0,0,0,0,0,Low,False
WAS0254,617,0,0,1,0,0,0,0,0,0,Low,False
AJP0723,346,0,0,1,0,0,0,0,0,0,Low,False
DPS0262,127,9,2,1,0,0,0,0,0,1,Low,False
LNS0989,702,0,0,2,0,0,0,0,0,0,Low,False
LOF0311,346,0,0,1,0,0,0,0,0,0,Low,False
MKP0861,620,0,0,1,0,0,0,0,0,0,Low,False
RTO0313,722,43,5,2,0,0,0,0,0,1,Low,False
UFK0208,704,0,0,2,0,0,0,0,0,0,Low,False
ZJE0857,393,0,17,2,0,0,0,0,0,0,Low,False
CCM0855,346,0,0,1,0,0,0,0,0,0,Low,False
IDO0176,346,0,0,1,0,0,0,0,0,0,Low,False
JCG0316,734,0,0,2,2161,2161,697,0,0,2,Medium,False
RYB0718,346,0,0,1,0,0,0,0,0,0,Low,False
YJV0699,346,0,0,1,0,0,0,0,0,0,Low,False
DLH0029,346,0,0,1,0,0,0,0,0,0,Low,False
KQC0708,346,0,0,1,0,0,0,0,0,0,Low,False
XLB0710,346,0,0,1,0,0,0,0,0,0,Low,False
AAL0706,346,0,0,1,0,0,0,0,0,0,Low,False
BAH0875,465,60,5,3,0,0,0,0,0,1,Low,False
CCW0031,346,0,0,1,0,0,0,0,0,0,Low,False
FGW0853,455,50,5,4,0,0,0,0,0,1,Low,False
FQA0854,351,0,0,6,0,0,0,0,0,0,Low,False
FWM0707,374,0,0,3,0,0,0,0,0,0,Low,False
IBB0696,637,0,0,3,986,986,708,0,0,2,Medium,False
JOL0024,346,0,0,1,0,0,0,0,0,0,Low,False
JRG0207,287,1,0,1,27,27,23,1,1,4,High,False
MBR0724,346,0,0,1,0,0,0,0,0,0,Low,False
MCT0720,346,0,0,1,0,0,0,0,0,0,Low,False
PEV0323,686,31,6,3,0,0,0,0,0,1,Low,False
SAP0867,146,0,0,1,0,0,0,0,0,0,Low,False
BMS0877,126,0,0,1,0,0,0,0,0,0,Low,False
JDB0169,620,0,0,1,7791,7791,2743,0,0,2,Medium,False
WDO0870,438,60,3,21,0,0,0,0,0,1,Low,False
WKF0012,346,0,0,1,0,0,0,0,0,0,Low,False
BER0314,346,0,0,1,0,0,0,0,0,0,Low,False
CCR0863,346,0,0,1,0,0,0,0,0,0,Low,False
HKI0171,345,0,0,1,0,0,0,0,0,0,Low,False
HPM0986,346,0,0,1,0,0,0,0,0,0,Low,False
KKW0879,451,17,37,2,1534,1534,3257,0,0,3,Medium,False
LHL0309,346,0,0,1,0,0,0,0,0,0,Low,False
MKG0711,346,0,0,1,0,0,0,0,0,0,Low,False
OCS0865,636,0,0,2,873,873,659,0,0,2,Medium,False
PDH0716,651,0,0,3,1723,1723,677,0,0,2,Medium,False
ASS0206,346,0,0,1,0,0,0,0,0,0,Low,False
DMK0257,715,62,6,2,1499,1499,689,0,0,3,Medium,False
EDB0714,242,0,0,1,526,526,535,1,1,4,High,False
JCW0858,346,0,0,1,0,0,0,0,0,0,Low,False
PLH0862,346,0,0,1,0,0,0,0,0,0,Low,False
CEB0210,346,0,0,1,0,0,0,0,0,0,Low,False
COM0321,346,0,0,1,0,0,0,0,0,0,Low,False
HMW0713,346,0,0,1,0,0,0,0,0,0,Low,False
JMB0308,157,3,0,1,10,10,8,1,1,4,High,False
KBS0874,616,0,0,1,0,0,0,0,0,0,Low,False
MCS0035,346,0,0,1,0,0,0,0,0,0,Low,False
MIM0712,346,0,0,1,0,0,0,0,0,0,Low,False
PLH0715,346,0,0,1,0,0,0,0,0,0,Low,False
AMR0318,641,14,2,1,230,230,141,0,0,3,Medium,False
ARL0034,346,0,0,1,0,0,0,0,0,0,Low,False
CJH0702,346,0,0,1,0,0,0,0,0,0,Low,False
DIC0988,346,0,0,1,0,0,0,0,0,0,Low,False
EMS0317,346,0,0,1,0,0,0,0,0,0,Low,False
GRM0868,346,0,0,1,0,0,0,0,0,0,Low,False
MAS0025,206,5,0,1,55,55,16,1,1,4,High,False
MCJ0324,346,0,0,1,0,0,0,0,0,0,Low,False
MSZ0310,346,0,0,1,0,0,0,0,0,0,Low,False
AJH0175,405,36,0,1,236,236,159,0,0,3,Medium,False
AKW0167,346,0,0,1,0,0,0,0,0,0,Low,False
BDV0168,170,3,0,1,36,36,16,1,1,4,High,False
BTL0722,346,0,0,1,0,0,0,0,0,0,Low,False
CKP0721,346,0,0,1,0,0,0,0,0,0,Low,False
CPG0322,503,0,0,35,337,337,129,0,0,2,Medium,False
HAM0985,346,0,0,1,0,0,0,0,0,0,Low,False
LOM0086,255,0,0,2,438,438,286,0,1,4,High,False
SBN0866,372,18,1,1,5864,5864,377,0,0,3,Medium,False
THR0873,370,9,1,2,8525,8525,2742,0,0,3,Medium,False
ASL0378,620,0,0,1,0,0,0,0,0,0,Low,False
CQH0701,617,0,0,1,243,243,137,0,0,2,Medium,False
DTT0076,346,0,0,1,0,0,0,0,0,0,Low,False
FLM0213,345,0,0,1,0,0,0,0,0,0,Low,False
GDF0704,643,0,0,3,0,0,0,0,0,0,Low,False
GHL0460,232,2,0,1,41,41,11,1,1,4,High,False
HJB0742,446,4,0,2,5,5,6,1,1,4,High,False
IJW0851,346,0,0,1,0,0,0,0,0,0,Low,False
IKR0401,287,0,0,1,554,554,569,1,1,4,High,False
JAD0609,438,0,0,3,0,0,0,0,0,0,Low,False
KJS0618,346,0,0,1,0,0,0,0,0,0,Low,False
LFS0071,346,0,0,1,0,0,0,0,0,0,Low,False
MAH0864,346,0,0,1,0,0,0,0,0,0,Low,False
MBJ0312,642,0,0,3,1019,1019,1029,0,0,2,Medium,False
RSC0089,815,41,37,27,865,865,2896,0,0,3,Medium,False
RUM0880,660,24,4,2,2199,2199,701,0,0,3,Medium,False
SVS0871,738,0,0,3,0,0,0,0,0,0,Low,False
TQS0212,352,0,0,7,0,0,0,0,0,0,Low,False
VAA0087,691,0,0,3,0,0,0,0,0,0,Low,False
XBN0229,346,0,0,1,0,0,0,0,0,0,Low,False
ZDW0859,628,0,0,18,0,0,0,0,0,0,Low,False
ZSK0258,346,0,0,1,0,0,0,0,0,0,Low,False
AAS0442,86,0,0,1,0,0,0,0,0,0,Low,False
BEH0615,690,0,2,22,268,268,394,0,0,2,Medium,False
CRP0456,346,0,0,1,0,0,0,0,0,0,Low,False
FTM0406,249,2,0,1,33,33,18,1,1,4,High,False
HIW0536,346,0,0,1,0,0,0,0,0,0,Low,False
JAM0382,346,0,0,1,0,0,0,0,0,0,Low,False
JRH0455,55,0,0,1,0,0,0,0,0,0,Low,False
KJW0416,346,0,0,1,0,0,0,0,0,0,Low,False
MBG0438,235,0,0,1,0,0,0,0,0,0,Low,False
MDM0976,346,0,0,1,0,0,0,0,0,0,Low,False
MES0407,346,0,0,1,0,0,0,0,0,0,Low,False
MHG0244,346,0,0,1,0,0,0,0,0,0,Low,False
QPM0727,346,0,0,1,0,0,0,0,0,0,Low,False
RCC0617,346,0,0,1,0,0,0,0,0,0,Low,False
UCS0227,346,0,0,1,0,0,0,0,0,0,Low,False
VIA0063,346,0,0,1,8524,8524,2751,0,0,2,Medium,False
AIM0627,346,0,0,1,0,0,0,0,0,0,Low,False
AIS0405,346,0,0,1,0,0,0,0,0,0,Low,False
BAM0611,611,0,0,1,0,0,0,0,0,0,Low,False
BBS0422,498,55,69,3,499,499,154,0,0,3,Medium,False
CKD0680,346,0,0,1,0,0,0,0,0,0,Low,False
EGD0409,248,0,0,1,0,0,0,0,0,0,Low,False
FSC0601,324,0,0,2,653,653,634,1,1,4,High,False
GJT0386,346,0,0,1,0,0,0,0,0,0,Low,False
GLR0975,611,0,0,1,0,0,0,0,0,0,Low,False
GOK0238,241,0,0,1,0,0,0,0,0,0,Low,False
GZB0469,346,0,0,1,0,0,0,0,0,0,Low,False
HCW0419,619,0,0,1,0,0,0,0,0,0,Low,False
HKR0628,709,0,0,3,0,0,0,0,0,0,Low,False
KMW0545,621,0,0,1,493,493,129,0,0,2,Medium,False
KQS0415,346,0,0,1,0,0,0,0,0,0,Low,False
RAH0440,346,0,0,1,0,0,0,0,0,0,Low,False
RDT0424,690,0,0,3,464,464,359,0,0,2,Medium,False
RGH0728,281,0,0,1,0,0,0,0,0,0,Low,False
AJL0462,652,28,2,1,0,0,0,0,0,1,Low,False
BDB0453,400,41,0,1,0,0,0,0,0,1,Low,False
BHW0458,346,0,0,1,0,0,0,0,0,0,Low,False
BTL0226,406,5,0,20,4,4,8,1,1,4,High,False
BYP0070,238,0,0,1,0,0,0,0,0,0,Low,False
CBG0398,346,0,0,1,0,0,0,0,0,0,Low,False
CCC0393,346,0,0,1,0,0,0,0,0,0,Low,False
CRD0624,50,5,0,1,0,0,0,0,0,1,Low,False
EBC0390,346,0,0,1,0,0,0,0,0,0,Low,False
GQP0743,346,0,0,1,0,0,0,0,0,0,Low,False
IJM0444,740,9,1,3,1840,1840,373,0,0,3,Medium,False
JPA0667,346,0,0,1,0,0,0,0,0,0,Low,False
LIM0674,738,12,20,2,185,185,133,0,0,3,Medium,False
MKW0441,649,7,1,8,421,421,700,0,0,3,Medium,False
NUL0471,612,0,0,1,0,0,0,0,0,0,Low,False
QRM0739,365,0,0,3,8401,8401,2989,0,0,2,Medium,False
SEJ0677,176,0,0,1,0,0,0,0,0,0,Low,False
UJC0737,346,0,0,1,0,0,0,0,0,0,Low,False
AAV0450,346,0,0,1,0,0,0,0,0,0,Low,False
ABN0239,613,0,0,1,0,0,0,0,0,0,Low,False
ALH0402,346,0,0,1,0,0,0,0,0,0,Low,False
AMR0400,346,0,0,1,0,0,0,0,0,0,Low,False
BJW0619,346,0,0,1,0,0,0,0,0,0,Low,False
CGA0629,346,0,0,1,0,0,0,0,0,0,Low,False
CTA0020,639,0,0,4,606,606,2977,0,0,2,Medium,False
DZC0228,346,0,0,1,0,0,0,0,0,0,Low,False
ENC0234,483,0,0,2,0,0,0,0,0,0,Low,False
GMF0738,346,0,0,1,0,0,0,0,0,0,Low,False
JOM0750,346,0,0,1,0,0,0,0,0,0,Low,False
KBG0549,650,0,0,3,377,377,108,0,0,2,Medium,False
MTB0620,626,0,0,1,1971,1971,1005,0,0,2,Medium,False
OKB0439,346,0,0,1,0,0,0,0,0,0,Low,False
ORM0669,435,0,0,2,0,0,0,0,0,0,Low,False
PKB0429,346,0,0,1,0,0,0,0,0,0,Low,False
PTH0552,611,0,0,1,0,0,0,0,0,0,Low,False
RKD0604,154,2,0,1,49,49,20,1,1,4,High,False
SDF0017,346,0,0,1,0,0,0,0,0,0,Low,False
SJW0451,346,0,0,1,0,0,0,0,0,0,Low,False
ADC0391,622,0,0,1,0,0,0,0,0,0,Low,False
ANP0555,346,0,0,1,0,0,0,0,0,0,Low,False
ASG0048,346,0,0,1,0,0,0,0,0,0,Low,False
BCB0679,577,0,0,3,0,0,0,0,0,0,Low,False
CCL0068,288,0,0,1,630,630,633,1,1,4,High,False
CCM0467,346,0,0,1,0,0,0,0,0,0,Low,False
DBS0235,374,0,0,29,0,0,0,0,0,0,Low,False
HAH0248,346,0,0,1,0,0,0,0,0,0,Low,False
HJS0072,46,0,2,3,82,82,26,0,0,1,Low,False
JMH0543,404,0,0,1,0,0,0,0,0,0,Low,False
JTS0389,423,0,0,3,376,376,136,0,0,2,Medium,False
LLV0602,346,0,0,1,0,0,0,0,0,0,Low,False
MYD0978,255,2,1,1,15,15,7,1,1,4,High,False
SCF0608,346,0,0,1,0,0,0,0,0,0,Low,False
SMW0084,346,0,0,1,0,0,0,0,0,0,Low,False
SOG0411,346,0,0,1,0,0,0,0,0,0,Low,False
TBT0461,346,0,0,1,0,0,0,0,0,0,Low,False
TSB0437,346,0,0,1,0,0,0,0,0,0,Low,False
WVB0539,346,0,0,1,0,0,0,0,0,0,Low,False
AJN0607,721,0,0,2,820,820,1033,0,0,2,Medium,False
AOB0019,346,0,0,1,0,0,0,0,0,0,Low,False
EZH0736,346,0,0,1,0,0,0,0,0,0,Low,False
GAF0060,346,0,0,1,0,0,0,0,0,0,Low,False
GZC0735,811,0,90,2,304,304,397,0,0,2,Medium,False
HBO0413,323,0,0,1,691,691,709,1,1,4,High,False
HVF0067,637,0,0,17,2023,2023,694,0,0,2,Medium,False
KRM0541,364,0,0,19,0,0,0,0,0,0,Low,False
LCD0622,346,0,0,1,0,0,0,0,0,0,Low,False
MLD0755,610,0,0,1,0,0,0,0,0,0,Low,False
NNA0610,346,0,0,1,0,0,0,0,0,0,Low,False
PRM0740,346,0,0,1,0,0,0,0,0,0,Low,False
SSG0250,626,0,0,1,0,0,0,0,0,0,Low,False
THD0448,346,0,0,1,0,0,0,0,0,0,Low,False
VCC0396,698,43,3,2,1616,1616,719,0,0,3,Medium,False
ADF0397,346,0,0,1,0,0,0,0,0,0,Low,False
AHM0410,725,0,6,3,2198,2198,394,0,0,2,Medium,False
CQH0730,346,0,0,1,0,0,0,0,0,0,Low,False
DAL0673,629,0,0,3,352,352,331,0,0,2,Medium,False
DTP0379,670,0,0,4,0,0,0,0,0,0,Low,False
ETR0428,417,0,0,3,0,0,0,0,0,0,Low,False
FSB0399,335,0,0,1,0,0,0,0,0,0,Low,False
HRW0550,346,0,0,1,0,0,0,0,0,0,Low,False
JER0404,346,0,0,1,0,0,0,0,0,0,Low,False
JPW0741,346,0,0,1,0,0,0,0,0,0,Low,False
MDM0625,685,0,0,2,8346,8346,2733,0,0,2,Medium,False
NKP0236,355,5,0,1,299,299,123,0,0,3,Medium,False
OJK0233,346,0,0,1,0,0,0,0,0,0,Low,False
ONW0083,346,0,0,1,0,0,0,0,0,0,Low,False
TAP0551,417,5,1,3,21,21,5,1,1,4,High,False
AIH0675,346,0,0,1,0,0,0,0,0,0,Low,False
CAB0614,688,0,0,15,931,931,368,0,0,2,Medium,False
CMS0454,346,0,0,1,0,0,0,0,0,0,Low,False
CNE0352,346,0,0,1,0,0,0,0,0,0,Low,False
HDJ0446,346,0,0,1,0,0,0,0,0,0,Low,False
HGG0240,346,0,0,1,0,0,0,0,0,0,Low,False
HKB0418,332,0,0,1,0,0,0,0,0,0,Low,False
KAL0395,346,0,0,1,0,0,0,0,0,0,Low,False
KPP0452,346,0,0,1,0,0,0,0,0,0,Low,False
MGS0974,421,0,39,2,162,162,142,0,0,2,Medium,False
NDM0417,720,0,0,2,1284,1284,692,0,0,2,Medium,False
ORB0473,346,0,0,1,0,0,0,0,0,0,Low,False
PGO0433,346,0,0,1,0,0,0,0,0,0,Low,False
TPH0474,346,0,0,1,0,0,0,0,0,0,Low,False
BNG0237,609,0,0,1,0,0,0,0,0,0,Low,False
BSA0431,346,0,0,1,0,0,0,0,0,0,Low,False
CJG0470,346,0,0,1,0,0,0,0,0,0,Low,False
CSB0080,346,0,0,1,0,0,0,0,0,0,Low,False
DMM0623,627,0,6,1,0,0,0,0,0,0,Low,False
FBW0747,398,0,20,3,0,0,0,0,0,0,Low,False
GCR0554,346,0,0,1,0,0,0,0,0,0,Low,False
IBM0671,619,0,0,2,802,802,145,0,0,2,Medium,False
RFP0380,346,0,0,1,0,0,0,0,0,0,Low,False
TET0621,469,0,0,3,0,0,0,0,0,0,Low,False
AIP0394,643,24,3,1,0,0,0,0,0,1,Low,False
ALD0544,346,0,0,1,0,0,0,0,0,0,Low,False
AMH0464,346,0,0,1,0,0,0,0,0,0,Low,False
BLS0678,366,3,0,1,5,5,4,1,1,4,High,False
BMC0547,346,0,0,1,0,0,0,0,0,0,Low,False
CAA0612,613,0,0,1,641,641,128,0,0,2,Medium,False
DLF0377,346,0,0,1,0,0,0,0,0,0,Low,False
GBM0603,322,0,0,1,0,0,0,0,0,0,Low,False
KPC0073,154,3,0,1,0,0,8,1,1,4,High,False
KWC0004,346,0,0,1,0,0,0,0,0,0,Low,False
MPT0376,734,0,37,3,1054,1054,410,0,0,2,Medium,False
NCK0421,346,0,0,1,0,0,0,0,0,0,Low,False
NJB0243,376,0,0,2,0,0,0,0,0,0,Low,False
OLB0749,98,0,0,1,0,0,0,0,0,0,Low,False
VCY0751,620,0,0,1,0,0,0,0,0,0,Low,False
VSA0230,560,0,0,3,389,389,98,0,0,2,Medium,False
BIH0745,148,2,0,1,41,41,11,1,1,4,High,False
BTN0061,700,0,0,17,0,0,0,0,0,0,Low,False
DBB0384,346,0,0,1,8543,8543,2976,0,0,2,Medium,False
DPM0423,457,0,0,2,1403,1403,1066,0,0,2,Medium,False
JBD0616,640,0,0,2,339,339,2991,0,0,2,Medium,False
JBM0350,434,59,4,3,0,0,0,0,0,1,Low,False
JCV0245,346,0,0,1,0,0,0,0,0,0,Low,False
KWE0082,621,0,0,1,2234,2234,717,0,0,2,Medium,False
LEM0605,346,0,0,1,0,0,0,0,0,0,Low,False
NCO0666,622,0,0,2,0,0,0,0,0,0,Low,False
RMW0542,161,0,0,1,330,330,373,1,1,4,High,False
SRS0231,346,0,0,1,0,0,0,0,0,0,Low,False
TEB0251,636,0,0,2,0,0,0,0,0,0,Low,False
VTT0385,379,0,0,32,409,409,2743,0,0,2,Medium,False
AAW0353,346,0,0,1,0,0,0,0,0,0,Low,False
AKR0057,419,0,0,13,540,540,486,1,1,4,High,False
BSS0463,364,0,0,2,0,0,0,0,0,0,Low,False
BXJ0010,346,0,0,1,0,0,0,0,0,0,Low,False
CKB0427,346,0,0,1,0,0,0,0,0,0,Low,False
DSB0731,346,0,0,1,0,0,0,0,0,0,Low,False
HRB0351,723,0,63,38,2662,2662,133,0,0,2,Medium,False
JJH0613,711,0,0,2,1641,1641,1049,0,0,2,Medium,False
LCB0664,682,0,0,2,414,414,2977,0,0,2,Medium,False
MLP0668,346,0,0,1,0,0,0,0,0,0,Low,False
MSS0001,614,0,0,1,0,0,0,0,0,0,Low,False
PPF0435,294,1,0,1,1,1,27,1,1,4,High,False
RGN0408,345,0,0,1,0,0,0,0,0,0,Low,False
TMA0069,346,0,0,1,0,0,0,0,0,0,Low,False
TSR0676,619,0,0,1,532,532,716,0,0,2,Medium,False
ZFM0468,346,0,0,1,0,0,0,0,0,0,Low,False
ANT0430,651,0,0,3,0,0,0,0,0,0,Low,False
BIS0247,664,35,6,1,418,418,116,0,0,3,Medium,False
DGF0443,346,0,0,1,0,0,0,0,0,0,Low,False
DGM0754,29,0,0,1,0,0,0,0,0,0,Low,False
EPW0434,346,0,0,1,0,0,0,0,0,0,Low,False
FHO0630,346,0,0,1,0,0,0,0,0,0,Low,False
HDL0748,346,0,0,1,0,0,0,0,0,0,Low,False
HSD0457,346,0,0,1,0,0,0,0,0,0,Low,False
HWW0436,745,8,1,3,1245,1245,664,0,0,3,Medium,False
KVS0425,346,0,0,1,0,0,0,0,0,0,Low,False
LDG0459,714,0,0,3,480,480,157,0,0,2,Medium,False
LHB0606,82,0,0,1,0,0,0,0,0,0,Low,False
MHG0733,346,0,0,1,0,0,0,0,0,0,Low,False
NRD0548,306,0,0,1,0,0,0,0,0,0,Low,False
PGC0066,346,0,0,1,0,0,0,0,0,0,Low,False
RJM0381,364,0,0,3,0,0,0,0,0,0,Low,False
SIJ0661,346,0,0,1,0,0,0,0,0,0,Low,False
ARA0252,617,0,0,1,0,0,0,0,0,0,Low,False
BSH0445,346,0,0,1,0,0,0,0,0,0,Low,False
BTR0403,688,0,0,21,520,520,380,0,0,2,Medium,False
DGW0752,618,0,0,1,0,0,0,0,0,0,Low,False
EAH0466,65,0,0,3,358,358,15,0,0,2,Medium,False
HIA0414,346,0,0,1,0,0,0,0,0,0,Low,False
HJA0018,609,0,0,1,0,0,0,0,0,0,Low,False
JLW0053,346,0,0,1,0,0,0,0,0,0,Low,False
KES0729,632,0,0,3,0,0,0,0,0,0,Low,False
KNG0672,301,0,0,1,0,0,0,0,0,0,Low,False
MLG0475,346,0,0,1,0,0,0,0,0,0,Low,False
NBC0412,349,0,0,4,0,0,0,0,0,0,Low,False
NNS0059,346,0,0,1,0,0,0,0,0,0,Low,False
PBP0002,346,0,0,1,0,0,0,0,0,0,Low,False
PID0426,451,55,6,19,0,0,0,0,0,1,Low,False
RAS0432,603,0,0,1,0,0,0,0,0,0,Low,False
RVC0232,346,0,0,1,0,0,0,0,0,0,Low,False
TEM0977,346,0,0,1,0,0,0,0,0,0,Low,False
CAB0388,610,0,0,1,0,0,0,0,0,0,Low,False
CSH0626,801,45,87,3,0,0,0,0,0,1,Low,False
DIB0081,340,0,0,3,1580,1580,496,0,0,2,Medium,False
DLS0383,603,0,0,1,0,0,0,0,0,0,Low,False
EIP0997,346,0,0,1,0,0,0,0,0,0,Low,False
ERH0449,346,0,0,1,0,0,0,0,0,0,Low,False
FDE0117,346,0,0,1,0,0,0,0,0,0,Low,False
GCC0744,346,0,0,1,0,0,0,0,0,0,Low,False
GCL0016,719,0,77,3,199,199,134,0,0,2,Medium,False
HCV0478,611,0,0,1,0,0,0,0,0,0,Low,False
IRT0491,346,0,0,1,0,0,0,0,0,0,Low,False
JKB0126,345,0,0,1,0,0,0,0,0,0,Low,False
KDS0349,346,0,0,1,0,0,0,0,0,0,Low,False
MAD0753,346,0,0,1,0,0,0,0,0,0,Low,False
MIC0726,346,0,0,1,0,0,0,0,0,0,Low,False
RHO0732,813,45,3,3,855,855,690,0,0,3,Medium,False
SVL0803,346,0,0,1,0,0,0,0,0,0,Low,False
TJD0996,346,0,0,1,0,0,0,0,0,0,Low,False
VMJ0546,616,0,0,1,3373,3373,709,0,0,2,Medium,False
WSR0241,421,0,0,30,0,0,0,0,0,0,Low,False
WTF0387,346,0,0,1,0,0,0,0,0,0,Low,False
CTW0500,346,0,0,1,0,0,0,0,0,0,Low,False
KJP0371,1394,603,0,635,0,0,0,0,0,1,Low,False
KPR0497,739,0,0,2,0,0,0,0,0,0,Low,False
YEV0793,346,0,0,1,0,0,0,0,0,0,Low,False
CUD0795,346,0,0,1,0,0,0,0,0,0,Low,False
SBN0495,346,0,0,1,0,0,0,0,0,0,Low,False
AMH0794,346,0,0,1,0,0,0,0,0,0,Low,False
CKB0482,346,0,0,1,0,0,0,0,0,0,Low,False
CNM0800,346,0,0,1,0,0,0,0,0,0,Low,False
NAB0801,346,0,0,1,0,0,0,0,0,0,Low,False
BKW0374,1358,578,0,620,0,0,0,0,0,1,Low,False
CJC0494,346,0,0,1,0,0,0,0,0,0,Low,False
CJF0802,679,40,4,2,0,0,0,0,0,1,Low,False
JJB0127,346,0,0,1,0,0,0,0,0,0,Low,False
LPC0492,372,0,0,3,0,0,0,0,0,0,Low,False
RHP0484,653,0,0,3,0,0,0,0,0,0,Low,False
SMB0804,346,0,0,1,0,0,0,0,0,0,Low,False
TDJ0998,622,0,0,1,0,0,0,0,0,0,Low,False
TOR0193,639,0,0,3,0,0,0,0,0,0,Low,False
ASB0796,265,0,0,1,0,0,0,0,0,0,Low,False
CMM0487,346,0,0,1,0,0,0,0,0,0,Low,False
KRL0501,265,0,0,1,578,578,568,1,1,4,High,False
MHA0798,346,0,0,1,0,0,0,0,0,0,Low,False
SAA0999,630,0,0,2,8468,8468,2992,0,0,2,Medium,False
SBQ0786,346,0,0,1,0,0,0,0,0,0,Low,False
SSH0799,737,0,0,3,0,0,0,0,0,0,Low,False
TTD1000,346,0,0,1,0,0,0,0,0,0,Low,False
AAF0791,346,0,0,1,0,0,0,0,0,0,Low,False
HDS0367,1655,600,0,630,3406,3406,1364,0,0,3,Medium,False
BEC0505,346,0,0,1,0,0,0,0,0,0,Low,False
DGN0480,329,0,0,1,0,0,0,0,0,0,Low,False
SES0477,622,0,0,1,0,0,0,0,0,0,Low,False
DBW0483,345,0,0,1,0,0,0,0,0,0,Low,False
NMC0486,346,0,0,1,0,0,0,0,0,0,Low,False
TLM0797,346,0,0,1,0,0,0,0,0,0,Low,False
AAE0190,346,0,0,1,0,0,0,0,0,0,Low,False
JIG0128,346,0,0,1,0,0,0,0,0,0,Low,False
LQC0479,201,2,0,1,22,22,9,1,1,4,High,False
IMB0481,346,0,0,1,0,0,0,0,0,0,Low,False
KAC0124,346,0,0,1,0,0,0,0,0,0,Low,False
MMB0488,310,0,0,1,0,0,0,0,0,0,Low,False
RBB0485,346,0,0,1,0,0,0,0,0,0,Low,False
OCB0805,346,0,0,1,0,0,0,0,0,0,Low,False
SAT0194,346,0,0,1,0,0,0,0,0,0,Low,False
CBG0490,346,0,0,1,0,0,0,0,0,0,Low,False
CSP0197,743,0,0,2,0,0,0,0,0,0,Low,False
WDD0366,1450,503,0,570,6,6,6,1,1,4,High,False
BJH0354,346,0,0,1,0,0,0,0,0,0,Low,False
CWR0502,696,0,0,2,765,765,348,0,0,2,Medium,False
KAT0489,346,0,0,1,0,0,0,0,0,0,Low,False
XHW0498,195,0,0,1,386,386,423,1,1,4,High,False
DDA0476,346,0,0,1,0,0,0,0,0,0,Low,False
SMY0792,686,0,0,20,1209,1209,380,0,0,2,Medium,False
ANM0123,50,0,0,2,47,47,29,0,0,1,Low,False
BWH0813,346,0,0,1,0,0,0,0,0,0,Low,False
ELT0769,346,0,0,1,0,0,0,0,0,0,Low,False
FBA0348,348,0,0,1,0,0,0,0,0,0,Low,False
HKF0831,346,0,0,1,0,0,0,0,0,0,Low,False
IBB0359,1676,563,1,604,3199,3199,3935,0,0,3,Medium,False
JXH0493,346,0,0,1,0,0,0,0,0,0,Low,False
LDM0587,346,0,0,1,0,0,0,0,0,0,Low,False
MAH0149,621,0,0,1,0,0,0,0,0,0,Low,False
MBW0809,30,0,0,1,0,0,0,0,0,0,Low,False
MJB0588,346,0,0,1,0,0,0,0,0,0,Low,False
OLF0504,346,0,0,1,0,0,0,0,0,0,Low,False
PMV0850,671,0,0,3,490,490,376,0,0,2,Medium,False
SKG0759,346,0,0,1,0,0,0,0,0,0,Low,False
SOB0360,890,384,0,479,0,0,0,0,0,1,Low,False
VFM0814,476,0,0,2,122,122,90,0,0,2,Medium,False
AES0827,346,0,0,1,0,0,0,0,0,0,Low,False
ARB0834,211,0,0,1,0,0,0,0,0,0,Low,False
CFM0767,682,26,0,7,778,778,375,0,0,3,Medium,False
DCH0843,294,3,1,1,38,38,23,1,1,4,High,False
ECF0828,211,0,0,1,0,0,0,0,0,0,Low,False
EMW0772,361,0,0,3,181,181,130,0,0,2,Medium,False
QSV0778,346,0,0,1,0,0,0,0,0,0,Low,False
WPE0538,346,0,0,1,0,0,0,0,0,0,Low,False
CLB0774,424,48,7,1,7246,7246,2988,0,0,3,Medium,False
IJR0825,346,0,0,1,0,0,0,0,0,0,Low,False
LPH0572,37,0,0,1,0,0,0,0,0,0,Low,False
MNR0829,346,0,0,1,0,0,0,0,0,0,Low,False
MVF0594,346,0,0,1,0,0,0,0,0,0,Low,False
CHG0146,346,0,0,1,0,0,0,0,0,0,Low,False
CIG0052,346,0,0,1,0,0,0,0,0,0,Low,False
CRK0916,627,17,4,1,0,0,0,0,0,1,Low,False
DDM0579,346,0,0,1,0,0,0,0,0,0,Low,False
EHB0824,164,3,0,1,14,14,13,1,1,4,High,False
HBB0056,346,0,0,1,0,0,0,0,0,0,Low,False
ILC0838,346,0,0,1,0,0,0,0,0,0,Low,False
JFC0757,346,0,0,1,0,0,0,0,0,0,Low,False
JMC0925,779,47,4,5,0,0,0,0,0,1,Low,False
NMF0780,346,0,0,1,0,0,0,0,0,0,Low,False
PNH0761,435,37,4,3,2106,2106,121,0,0,3,Medium,False
AAN0823,346,0,0,1,0,0,0,0,0,0,Low,False
ADD0846,346,0,0,1,0,0,0,0,0,0,Low,False
JSA0775,346,0,0,1,0,0,0,0,0,0,Low,False
NHE0919,612,0,0,1,0,0,0,0,0,0,Low,False
NRO0768,322,0,0,1,0,0,0,0,0,0,Low,False
SAC0592,614,0,0,1,0,0,0,0,0,0,Low,False
TJG0582,346,0,0,1,0,0,0,0,0,0,Low,False
ASD0577,346,0,0,1,0,0,0,0,0,0,Low,False
BCR0581,692,0,0,3,0,0,0,0,0,0,Low,False
CAN0842,346,0,0,1,0,0,0,0,0,0,Low,False
CHM0821,749,10,0,3,1228,1228,368,0,0,3,Medium,False
HAH0760,611,0,0,1,1900,1900,677,0,0,2,Medium,False
HCS0003,346,0,0,1,3045,3045,1007,0,0,2,Medium,False
JCR0921,346,0,0,1,0,0,0,0,0,0,Low,False
JRL0574,346,0,0,1,0,0,0,0,0,0,Low,False
LCC0819,157,0,0,1,337,337,350,1,1,4,High,False
RAB0589,432,3,1,9,2,2,4,1,1,4,High,False
XWD0923,438,0,0,1,5915,5915,525,0,0,2,Medium,False
ABM0845,633,0,0,2,0,0,0,0,0,0,Low,False
ACV0812,770,63,5,2,0,0,0,0,0,1,Low,False
ALC0788,346,0,0,1,0,0,0,0,0,0,Low,False
BMG0917,638,16,3,1,7692,7692,2981,0,0,3,Medium,False
EHD0584,401,4,1,3,11,11,7,1,1,4,High,False
IBS0836,722,20,63,3,624,624,388,0,0,3,Medium,False
IJM0776,171,0,0,1,344,344,350,1,1,4,High,False
JCR0770,346,0,0,1,0,0,0,0,0,0,Low,False
MSG0839,346,0,0,1,0,0,0,0,0,0,Low,False
SAB0781,622,0,0,1,1441,1441,369,0,0,2,Medium,False
SGG0787,602,0,0,1,0,0,0,0,0,0,Low,False
SHW0578,346,0,0,1,0,0,0,0,0,0,Low,False
SOF0808,346,0,0,1,0,0,0,0,0,0,Low,False
WJD0576,346,0,0,1,0,0,0,0,0,0,Low,False
AKC0924,346,0,0,1,0,0,0,0,0,0,Low,False
AKH0758,346,0,0,1,0,0,0,0,0,0,Low,False
CIM0926,230,0,0,2,0,0,0,0,0,0,Low,False
FUM0015,346,0,0,1,0,0,0,0,0,0,Low,False
HDH0928,346,0,0,1,1577,1577,691,0,0,2,Medium,False
HSG0818,619,0,0,1,0,0,0,0,0,0,Low,False
IWM0816,622,0,0,1,0,0,0,0,0,0,Low,False
KJA0152,346,0,0,1,0,0,0,0,0,0,Low,False
LJT0817,639,0,0,2,1927,1927,655,0,0,2,Medium,False
NSC0597,363,0,0,3,0,0,0,0,0,0,Low,False
VSS0154,213,0,0,1,405,405,462,1,1,4,High,False
WGR0833,346,0,0,1,0,0,0,0,0,0,Low,False
AJC0840,346,0,0,1,0,0,0,0,0,0,Low,False
ASM0575,621,0,0,1,0,0,0,0,0,0,Low,False
AWM0764,346,0,0,1,0,0,0,0,0,0,Low,False
ECR0822,346,0,0,1,0,0,0,0,0,0,Low,False
FIR0920,439,0,0,2,0,0,0,0,0,0,Low,False
TCD0009,346,0,0,1,0,0,0,0,0,0,Low,False
WDV0573,491,49,6,3,0,0,0,0,0,1,Low,False
AHD0848,731,0,55,22,199,199,150,0,0,2,Medium,False
IYB0918,346,0,0,1,0,0,0,0,0,0,Low,False
KLH0596,294,2,1,1,53,53,19,1,1,4,High,False
KMB0922,728,47,5,34,1209,1209,367,0,0,3,Medium,False
NKH0807,346,0,0,1,0,0,0,0,0,0,Low,False
RNF0765,346,0,0,1,0,0,0,0,0,0,Low,False
TRK0914,345,0,0,1,0,0,0,0,0,0,Low,False
BHC0665,463,0,0,3,0,0,0,0,0,0,Low,False
KBC0054,346,0,0,1,0,0,0,0,0,0,Low,False
LHN0151,346,0,0,1,0,0,0,0,0,0,Low,False
RDM0150,346,0,0,1,0,0,0,0,0,0,Low,False
UAD0771,647,0,0,2,1873,1873,696,0,0,2,Medium,False
BBH0810,346,0,0,1,0,0,0,0,0,0,Low,False
JDF0593,805,45,38,3,403,403,3153,0,0,3,Medium,False
JRF0835,346,0,0,1,0,0,0,0,0,0,Low,False
KCB0815,625,0,0,1,0,0,0,0,0,0,Low,False
LJB0826,346,0,0,1,0,0,0,0,0,0,Low,False
RCP0785,346,0,0,1,0,0,0,0,0,0,Low,False
ZCF0590,346,0,0,1,0,0,0,0,0,0,Low,False
HGH0595,346,0,0,1,0,0,0,0,0,0,Low,False
HPR0585,607,0,0,1,0,0,0,0,0,0,Low,False
SLP0762,346,0,0,1,0,0,0,0,0,0,Low,False
TYB0779,616,0,0,1,0,0,0,0,0,0,Low,False
ELB0847,381,0,0,3,0,0,0,0,0,0,Low,False
GCS0571,629,0,0,2,564,564,138,0,0,2,Medium,False
IEB0153,383,0,21,2,0,0,0,0,0,0,Low,False
MDH0580,296,0,0,1,622,622,631,1,1,4,High,False
MLL0598,346,0,0,1,353,353,2779,0,0,2,Medium,False
MOP0763,346,0,0,1,0,0,0,0,0,0,Low,False
SAH0599,346,0,0,1,0,0,0,0,0,0,Low,False
VMJ0147,346,0,0,1,0,0,0,0,0,0,Low,False
AQD0820,346,0,0,1,0,0,0,0,0,0,Low,False
BJH0811,346,0,0,1,0,0,0,0,0,0,Low,False
CMW0783,346,0,0,1,0,0,0,0,0,0,Low,False
DEB0782,346,0,0,1,0,0,0,0,0,0,Low,False
LAM0911,606,0,0,1,0,0,0,0,0,0,Low,False
NMG0766,346,0,0,1,0,0,0,0,0,0,Low,False
RIH0777,346,0,0,1,0,0,0,0,0,0,Low,False
DSM0591,346,0,0,1,0,0,0,0,0,0,Low,False
FHS0837,346,0,0,1,0,0,0,0,0,0,Low,False
FRR0832,346,0,0,1,0,0,0,0,0,0,Low,False
IHK0841,346,0,0,1,0,0,0,0,0,0,Low,False
PAD0773,698,0,0,3,2558,2558,124,0,0,2,Medium,False
SLB0049,346,0,0,1,0,0,0,0,0,0,Low,False
SOB0586,346,0,0,1,0,0,0,0,0,0,Low,False
TSM0927,346,0,0,1,0,0,0,0,0,0,Low,False
TVS0006,630,0,0,3,0,0,0,0,0,0,Low,False
GRC0145,346,0,0,1,0,0,0,0,0,0,Low,False
SBK0161,707,0,0,3,0,0,0,0,0,0,Low,False
ASS0517,615,0,0,1,0,0,0,0,0,0,Low,False
CCW0524,346,0,0,1,0,0,0,0,0,0,Low,False
CYA0506,105,0,0,1,0,0,0,0,0,0,Low,False
ETR0177,346,0,0,1,0,0,0,0,0,0,Low,False
HSP0290,346,0,0,1,0,0,0,0,0,0,Low,False
JJH0292,658,0,4,3,0,0,0,0,0,0,Low,False
WTR0563,346,0,0,1,0,0,0,0,0,0,Low,False
FRL0511,346,0,0,1,0,0,0,0,0,0,Low,False
LQP0508,713,0,0,3,0,0,0,0,0,0,Low,False
RNL0695,614,0,0,1,0,0,0,0,0,0,Low,False
AMJ0297,346,0,0,1,0,0,0,0,0,0,Low,False
DJS0682,346,0,0,1,0,0,0,0,0,0,Low,False
EDA0684,44,5,0,2,0,0,0,0,0,1,Low,False
JNA0559,345,0,0,1,0,0,0,0,0,0,Low,False
BVN0514,118,0,0,2,0,0,0,0,0,0,Low,False
CAM0681,613,0,0,1,759,759,360,0,0,2,Medium,False
IUB0565,234,0,0,1,503,503,494,1,1,4,High,False
JFC0557,615,0,0,1,2839,2839,1399,0,0,2,Medium,False
PSF0133,190,0,0,1,449,449,408,1,1,4,High,False
TIW0299,346,0,0,1,0,0,0,0,0,0,Low,False
DOP0562,346,0,0,1,0,0,0,0,0,0,Low,False
LJR0523,170,4,2,1,3,3,6,1,1,4,High,False
NRF0137,346,0,0,1,0,0,0,0,0,0,Low,False
CCM0136,633,0,0,2,137,137,120,0,0,2,Medium,False
CEL0561,615,0,0,1,0,0,0,0,0,0,Low,False
EMB0531,619,0,0,1,0,0,0,0,0,0,Low,False
ESH0135,346,0,0,1,0,0,0,0,0,0,Low,False
FEB0306,700,0,0,2,1157,1157,361,0,0,2,Medium,False
KJJ0293,691,0,0,2,530,530,345,0,0,2,Medium,False
PNL0301,156,0,0,1,296,296,330,1,1,4,High,False
ASG0692,346,0,0,1,0,0,0,0,0,0,Low,False
ATP0662,766,57,48,2,1273,1273,394,0,0,3,Medium,False
ICH0294,429,0,0,3,2509,2509,666,0,0,2,Medium,False
IJM0139,346,0,0,1,0,0,0,0,0,0,Low,False
YJF0532,715,0,0,3,0,0,0,0,0,0,Low,False
ARD0509,362,0,0,3,0,0,0,0,0,0,Low,False
BMT0528,372,0,0,2,1903,1903,713,0,0,2,Medium,False
KKC0683,346,0,0,1,0,0,0,0,0,0,Low,False
KSH0569,346,0,0,1,0,0,0,0,0,0,Low,False
NGO0690,622,0,0,1,0,0,0,0,0,0,Low,False
OLW0689,613,0,0,1,1242,1242,714,0,0,2,Medium,False
CCH0685,638,0,0,2,0,0,0,0,0,0,Low,False
CLS0296,346,0,0,1,0,0,0,0,0,0,Low,False
EGD0132,189,0,0,1,399,399,420,1,1,4,High,False
GHH0288,404,6,2,3,1563,1563,716,0,0,3,Medium,False
GJD0298,346,0,0,1,0,0,0,0,0,0,Low,False
MVB0515,712,0,0,21,1777,1777,367,0,0,2,Medium,False
QJR0688,483,0,20,5,1069,1069,401,0,0,2,Medium,False
WLV0566,346,0,0,1,0,0,0,0,0,0,Low,False
ZSL0305,346,0,0,1,0,0,0,0,0,0,Low,False
BJP0134,615,0,0,6,8072,8072,2977,0,0,2,Medium,False
CJM0138,346,0,0,1,0,0,0,0,0,0,Low,False
FMG0527,274,3,0,1,23,23,12,1,1,4,High,False
GCS0518,346,0,0,1,0,0,0,0,0,0,Low,False
IMP0530,346,0,0,1,0,0,0,0,0,0,Low,False
SAC0687,346,0,0,1,0,0,0,0,0,0,Low,False
SBH0537,694,0,53,1,428,428,140,0,0,2,Medium,False
AAF0535,164,0,0,1,357,357,346,1,1,4,High,False
JNJ0556,345,0,0,1,7977,7977,3003,0,0,2,Medium,False
PMJ0564,742,22,1,2,0,0,0,0,0,1,Low,False
TAC0300,346,0,0,1,0,0,0,0,0,0,Low,False
TJB0302,346,0,0,1,0,0,0,0,0,0,Low,False
WGS0516,346,0,0,1,0,0,0,0,0,0,Low,False
ALD0529,622,0,0,1,0,0,0,0,0,0,Low,False
ESR0693,192,0,0,2,509,509,198,0,0,2,Medium,False
ILJ0526,813,0,57,28,1236,1236,378,0,0,2,Medium,False
ILR0304,346,0,0,1,0,0,0,0,0,0,Low,False
MJM0510,728,0,0,4,0,0,0,0,0,0,Low,False
NCK0295,346,0,0,1,0,0,0,0,0,0,Low,False
PIS0522,692,0,0,3,0,0,0,0,0,0,Low,False
SGB0140,728,0,0,3,0,0,0,0,0,0,Low,False
CAS0507,735,6,0,3,6290,6290,381,0,0,3,Medium,False
DAG0558,346,0,0,1,0,0,0,0,0,0,Low,False
JCR0289,346,0,0,1,0,0,0,0,0,0,Low,False
JKM0303,346,0,0,1,0,0,0,0,0,0,Low,False
JMD0520,699,18,2,36,1893,1893,664,0,0,3,Medium,False
NLO0131,346,0,0,1,0,0,0,0,0,0,Low,False
WIF0691,616,0,0,2,8267,8267,2732,0,0,2,Medium,False
RRP0568,649,0,0,2,1450,1450,381,0,0,2,Medium,False
SCB0534,346,0,0,1,0,0,0,0,0,0,Low,False
UCH0519,279,0,0,1,0,0,0,0,0,0,Low,False
AHG0634,294,2,0,2,0,0,0,0,0,1,Low,False
APG0307,346,0,0,1,0,0,0,0,0,0,Low,False
COF0120,298,28,5,1,0,0,0,0,0,1,Low,False
GAF0570,633,0,0,21,0,0,0,0,0,0,Low,False
OYM0026,377,0,0,3,0,0,0,0,0,0,Low,False
SCP0130,459,0,0,2,1615,1615,717,0,0,2,Medium,False
SLT0907,173,0,0,1,0,0,0,0,0,0,Low,False
HMM0108,120,0,0,2,345,345,100,0,0,2,Medium,False
KJG0910,346,0,0,1,0,0,0,0,0,0,Low,False
MFV0897,346,0,0,1,0,0,0,0,0,0,Low,False
MIB0904,626,0,0,1,0,0,0,0,0,0,Low,False
RHL0992,321,0,0,4,370,370,370,1,1,4,High,False
ZSB0649,346,0,0,1,0,0,0,0,0,0,Low,False
HRL0540,643,0,0,2,1777,1777,2968,0,0,2,Medium,False
KCO0122,719,58,5,2,1593,1593,703,0,0,3,Medium,False
OSH0655,346,0,0,1,0,0,0,0,0,0,Low,False
UBF0645,346,0,0,1,0,0,0,0,0,0,Low,False
DID0650,346,0,0,1,0,0,0,0,0,0,Low,False
ESH0283,381,0,0,35,2646,2646,139,0,0,2,Medium,False
HOB0994,346,0,0,1,0,0,0,0,0,0,Low,False
KNW0644,346,0,0,1,0,0,0,0,0,0,Low,False
OKC0107,346,0,0,1,0,0,0,0,0,0,Low,False
WKD0013,407,28,4,3,0,0,0,0,0,1,Low,False
AGB0643,346,0,0,1,0,0,0,0,0,0,Low,False
BCM0653,346,0,0,1,0,0,0,0,0,0,Low,False
CJV0286,617,0,0,1,0,0,0,0,0,0,Low,False
EFS0882,346,0,0,1,0,0,0,0,0,0,Low,False
EGK0893,346,0,0,1,0,0,0,0,0,0,Low,False
HGN0287,346,0,0,1,0,0,0,0,0,0,Low,False
HTF0641,346,0,0,1,0,0,0,0,0,0,Low,False
HWH0646,629,0,0,1,0,0,0,0,0,0,Low,False
JMW0638,346,0,0,1,0,0,0,0,0,0,Low,False
MJS0890,346,0,0,1,0,0,0,0,0,0,Low,False
CLD0894,346,0,0,1,0,0,0,0,0,0,Low,False
CRO0027,642,8,2,3,0,0,0,0,0,1,Low,False
EMW0105,346,0,0,1,0,0,0,0,0,0,Low,False
FFC0891,453,18,2,2,961,961,418,0,0,3,Medium,False
GTD0116,346,0,0,1,0,0,0,0,0,0,Low,False
JML0909,621,0,0,1,0,0,0,0,0,0,Low,False
TSG0906,608,0,0,1,0,0,0,0,0,0,Low,False
WNB0908,608,0,0,1,0,0,0,0,0,0,Low,False
AOS0987,709,0,0,3,0,0,0,0,0,0,Low,False
BJM0111,442,52,34,1,7841,7841,2919,0,0,3,Medium,False
CAC0889,60,0,0,1,0,0,0,0,0,0,Low,False
CEJ0109,318,0,0,1,679,679,638,1,1,4,High,False
CGB0637,610,0,0,1,2333,2333,1082,0,0,2,Medium,False
ESA0642,346,0,0,1,0,0,0,0,0,0,Low,False
GQF0659,346,0,0,1,0,0,0,0,0,0,Low,False
YWW0660,261,0,0,1,0,0,0,0,0,0,Low,False
CNB0900,346,0,0,1,0,0,0,0,0,0,Low,False
JZD0888,346,0,0,1,0,0,0,0,0,0,Low,False
BMM0112,346,0,0,1,0,0,0,0,0,0,Low,False
HCL0113,346,0,0,1,0,0,0,0,0,0,Low,False
NAB0903,346,0,0,1,0,0,0,0,0,0,Low,False
XHG0902,346,0,0,1,0,0,0,0,0,0,Low,False
BLB0114,696,0,0,2,0,0,0,0,0,0,Low,False
DIB0285,184,0,0,1,375,375,391,1,1,4,High,False
KJM0887,346,0,0,1,0,0,0,0,0,0,Low,False
MTT0901,49,0,0,1,187,187,90,0,0,2,Medium,False
TUC0632,346,0,0,1,0,0,0,0,0,0,Low,False
ZMC0284,346,0,0,1,0,0,0,0,0,0,Low,False
BRM0995,642,2,0,4,590,590,2973,0,0,3,Medium,False
PKB0281,346,0,0,1,0,0,0,0,0,0,Low,False
SED0886,718,23,2,2,0,0,0,0,0,1,Low,False
VLB0647,346,0,0,1,0,0,0,0,0,0,Low,False
XRS0633,612,0,0,1,0,0,0,0,0,0,Low,False
ARB0881,346,0,0,1,0,0,0,0,0,0,Low,False
EJW0884,345,0,0,1,0,0,0,0,0,0,Low,False
EZT0640,733,0,0,2,0,0,0,0,0,0,Low,False
HAC0282,346,0,0,1,0,0,0,0,0,0,Low,False
HCL0651,644,0,0,2,723,723,662,0,0,2,Medium,False
HRD0635,212,3,0,12,0,0,0,0,0,1,Low,False
LAF0991,613,0,0,1,0,0,0,0,0,0,Low,False
LJJ0905,366,0,0,2,0,0,0,0,0,0,Low,False
LUR0896,403,36,3,3,0,0,0,0,0,1,Low,False
KLM0639,346,0,0,1,0,0,0,0,0,0,Low,False
QCH0110,305,0,0,1,0,0,0,0,0,0,Low,False
SDB0106,696,0,0,3,0,0,0,0,0,0,Low,False
ZKS0899,385,0,0,2,8537,8537,2991,0,0,2,Medium,False
DKB0631,346,0,0,1,0,0,0,0,0,0,Low,False
GTD0898,346,0,0,1,0,0,0,0,0,0,Low,False
HAV0121,346,0,0,1,0,0,0,0,0,0,Low,False
SXM0895,346,0,0,1,0,0,0,0,0,0,Low,False
TLK0993,346,0,0,1,0,0,0,0,0,0,Low,False
AAM0658,229,5,1,1,31,31,7,1,1,4,High,False
BAM0636,346,0,0,1,0,0,0,0,0,0,Low,False
IBP0883,696,47,5,1,0,0,0,0,0,1,Low,False
IUY0279,623,0,0,3,0,0,0,0,0,0,Low,False
KMS0657,346,0,0,1,0,0,0,0,0,0,Low,False
LNR0656,346,0,0,1,0,0,0,0,0,0,Low,False
SSR0278,196,0,0,1,0,0,0,0,0,0,Low,False
TLH0648,346,0,0,1,0,0,0,0,0,0,Low,False
BAJ0654,388,2,0,42,2919,2919,140,0,0,3,Medium,False
CQW0652,327,0,0,1,696,696,668,1,1,4,High,False
RHY0079,358,0,0,2,0,0,0,0,0,0,Low,False
